1,Estabilizador de Voltaje,35,192.26,2024-10-21
708,Cargador Portátil,23,1365.06,2024-10-06
700,Repetidor WiFi,22,397.87,2024-09-07
866,Smart Ring,8,1532.79,2024-07-02
856,Controlador VR,43,1967.94,2024-08-17
795,Consola de Videojuegos,46,1313.11,2024-06-08
463,Ebook Reader,45,1964.06,2024-12-23
516,Módulo GPS para Arduino,37,1627.56,2024-09-15
506,Placa de Desarrollo ESP32,11,1088.82,2025-03-30
861,Raspberry Pi,13,311.64,2025-03-04
519,Smart Ring,31,775.9,2024-11-29
68,Sensor de Movimiento,44,1402.06,2025-02-02
932,Termómetro Inteligente,50,131.84,2024-12-24
662,Estabilizador de Voltaje,18,1019.9,2025-03-11
93,Cámara de Acción 4K,6,567.28,2024-07-09
523,Telescopio Digital,41,313.0,2024-11-10
901,Micrófono Inalámbrico,20,396.73,2025-03-24
543,Sistema de Alarma Inteligente,28,1337.52,2025-03-21
758,Memoria RAM,5,1533.39,2024-10-15
567,Interruptor Inteligente,45,1656.32,2024-10-23
980,Repetidor WiFi,45,1706.75,2024-08-06
460,Reproductor Multimedia,44,214.17,2024-07-21
673,Cargador Inalámbrico,41,640.05,2024-06-20
558,Drone,31,828.21,2024-05-28
137,Convertidor de Video HDMI,2,453.42,2024-10-17
54,Laptop,23,836.91,2025-03-18
736,Router Mesh,26,1775.38,2024-06-01
69,Smart Mirror,1,647.34,2024-12-18
327,Cámara 360°,29,1396.2,2024-06-23
185,Placa de Desarrollo ESP32,45,1298.79,2024-10-30
549,Cargador Portátil,2,189.09,2024-10-01
81,Batería Externa,39,1623.19,2024-11-22
936,Cinta LED RGB,50,743.17,2024-04-17
575,Mochila Solar,46,11.59,2024-08-08
674,Mini PC,19,1940.21,2025-03-27
945,Teclado,6,1841.8,2024-10-28
18,Termómetro Inteligente,16,938.11,2024-07-22
699,Impresora 3D,43,536.25,2024-10-17
984,Disco Externo SSD,40,1477.73,2024-11-03
672,Batería Externa,6,1382.3,2024-04-15
204,Tarjeta Gráfica,9,1202.24,2024-11-16
884,Smart TV,30,734.96,2024-12-12
227,Microscopio Digital,28,997.51,2025-01-20
890,Microscopio Digital,13,411.21,2024-11-30
546,Laptop,37,1215.94,2024-04-25
738,Impresora 3D,9,1003.97,2024-12-22
913,Procesador,26,1911.38,2025-03-23
285,Termómetro Inteligente,6,833.28,2024-05-06
374,Lámpara Inteligente,1,785.66,2024-10-22
755,Kit de Domótica,20,1779.58,2024-10-21
565,Kit de Energía Eólica,28,607.62,2024-08-12
121,Smart Ring,47,532.13,2025-02-20
296,Batería Recargable Portátil,25,1974.87,2024-11-13
158,Kit de Domótica,4,723.75,2024-04-29
152,Batería Recargable Portátil,47,1529.69,2025-03-11
82,Robot Aspiradora,1,321.63,2024-10-06
196,Repetidor WiFi,41,1410.05,2025-03-10
376,Detector de Humo,29,1363.54,2024-08-18
958,Memoria RAM,7,1307.52,2025-01-07
518,Cargador Solar Portátil,50,1994.87,2024-11-22
911,Laptop,34,1926.97,2024-11-16
146,Smartphone,7,1895.99,2024-04-09
457,Placa de Desarrollo ESP32,45,426.12,2024-06-13
842,Estabilizador de Voltaje,44,909.42,2024-08-29
362,Monitor de Frecuencia Cardíaca,16,355.17,2024-09-30
317,Laptop,19,577.14,2024-10-19
108,Tarjeta de Sonido,34,1858.62,2024-05-02
132,Micrófono,3,118.05,2025-03-14
742,Altavoces,12,1455.39,2024-06-15
63,Mini Impresora Térmica,8,636.0,2024-07-28
481,Joystick,5,1625.55,2024-08-06
202,Panel Solar,32,588.69,2025-02-10
228,Disco Externo SSD,17,778.53,2024-06-12
782,Smartwatch,4,1515.72,2024-10-26
804,Monitor de Frecuencia Cardíaca,4,232.05,2024-09-22
576,Teclado,12,1667.42,2024-07-15
98,Mini PC,6,1717.26,2025-03-01
638,Proyector,34,175.18,2024-08-18
889,Smart TV,28,94.43,2024-12-11
24,Procesador,43,981.91,2024-10-30
741,Tarjeta de Sonido,26,769.05,2024-07-11
99,SSD,15,1461.68,2024-10-13
396,Monitor de Frecuencia Cardíaca,19,1479.89,2024-12-05
812,Disco Externo SSD,50,1304.28,2024-11-19
411,Cámara para Streaming,1,825.45,2024-11-12
671,Laptop,49,895.2,2025-01-30
596,Smart Ring,14,24.69,2024-05-28
286,Guantes VR,45,619.82,2025-03-11
542,Sensor de Movimiento,26,1586.79,2024-09-15
724,Procesador,2,843.15,2024-08-27
480,Smart TV,30,170.61,2024-10-08
87,Lector de Huellas,32,857.0,2024-04-27
883,Placa de Desarrollo ESP32,12,1806.36,2024-09-25
130,Sensor de Movimiento,6,642.4,2024-10-18
989,Cámara 360°,12,400.67,2025-01-30
413,Sistema de Alarma Inteligente,8,743.79,2025-02-03
193,Guantes VR,49,461.69,2025-03-06
153,Proyector 4K,10,100.93,2024-08-06
291,Kit de Domótica,29,1643.24,2025-01-05
252,Smart Ring,9,1752.13,2024-09-24
319,Panel Solar,14,905.73,2024-04-04
206,Impresora 3D,26,443.28,2024-10-02
86,Teclado Mecánico,36,751.8,2025-01-28
528,Cerradura Inteligente,29,81.44,2025-02-25
696,Sistema de Alarma Inteligente,37,1111.34,2025-01-05
58,Convertidor de Video HDMI,13,1580.5,2024-10-04
540,Micrófono Inalámbrico,50,914.7,2024-10-17
959,Webcam,42,1822.25,2024-05-16
944,Auriculares,15,973.22,2024-06-02
667,Control Remoto Universal,30,574.07,2025-02-10
458,Smart Mirror,4,1820.9,2024-08-24
163,Caja de Herramientas Electrónicas,27,334.0,2024-06-30
520,Placa de Desarrollo ESP32,36,1139.56,2024-12-03
283,Smart Ring,37,1505.25,2024-12-21
714,Procesador,32,1075.4,2024-04-19
277,Smart Mirror,46,1942.38,2024-05-25
405,Microscopio Digital,3,656.44,2024-08-22
381,Kit Arduino,29,352.89,2025-01-30
94,Smartwatch,1,208.15,2025-03-24
839,Monitor,5,1307.19,2024-06-16
907,Impresora,25,962.79,2025-01-01
978,Power Bank Solar,36,1474.38,2024-12-29
915,Raspberry Pi,36,1313.9,2024-10-18
410,Estabilizador de Voltaje,15,517.3,2024-04-07
49,Lector de Huellas,36,100.98,2024-05-18
61,Impresora 3D,17,1930.01,2024-07-13
731,Reproductor de Vinilo,28,1014.75,2025-01-22
508,Disco Duro,36,1973.23,2025-02-27
352,Lector de Huellas,7,810.35,2024-08-07
379,Freidora de Aire,21,46.94,2024-10-11
840,Raspberry Pi,7,1610.84,2024-05-10
926,SSD,35,391.9,2024-05-05
133,Reproductor Multimedia,34,1740.64,2024-07-29
190,Cámara,28,579.44,2024-12-11
702,Router Mesh,45,1228.36,2024-04-25
113,Sistema de Alarma Inteligente,6,578.87,2025-03-24
445,Reproductor Multimedia,12,698.68,2024-11-15
654,Memoria RAM,14,1605.08,2024-09-13
878,Control Remoto Universal,3,216.87,2025-01-06
954,Teclado Mecánico,23,590.06,2024-07-06
776,Monitor de Frecuencia Cardíaca,1,485.67,2024-10-25
477,Control Remoto Universal,16,962.62,2024-11-04
591,Procesador,19,1206.46,2025-01-07
553,Memoria RAM,7,517.35,2024-06-11
269,Tarjeta Gráfica,45,1740.11,2024-08-27
13,Disco Externo SSD,4,1881.38,2025-01-20
84,Kit Arduino,24,1069.69,2025-01-15
432,Teclado,34,1075.63,2024-12-11
340,Kit de Domótica,19,980.79,2025-01-22
718,Antena Satelital,8,576.51,2024-05-21
208,Antena Satelital,24,1000.56,2025-02-23
534,Robot Aspiradora,33,1976.75,2024-04-27
801,Luz de Emergencia Recargable,28,294.76,2025-02-24
759,Power Bank Solar,25,1252.26,2024-08-07
189,Interruptor Inteligente,49,1470.2,2024-07-04
690,Memoria USB,1,1598.98,2024-05-14
1000,Joystick,21,527.89,2024-08-21
610,Placa Madre,25,707.19,2024-10-30
122,Drone,49,11.38,2024-05-22
363,Memoria RAM,45,912.36,2025-02-04
466,Luz de Emergencia Recargable,42,1480.43,2024-11-07
421,Cafetera Inteligente,7,951.41,2024-10-11
892,Power Bank Solar,40,736.19,2024-05-25
401,Laptop,41,1854.1,2024-04-26
726,Báscula Inteligente,20,1539.04,2025-03-31
244,Cámara de Acción 4K,36,413.27,2024-12-06
938,Smart Mirror,35,1000.24,2024-04-29
470,Cámara,37,1835.02,2024-11-21
100,Smart Mirror,32,1737.55,2024-06-17
514,Disco Externo SSD,24,517.39,2024-11-05
729,Cámara,33,999.91,2024-04-29
188,Mochila Solar,12,1076.26,2024-10-24
451,Cámara de Acción 4K,41,1899.47,2024-04-08
698,Tarjeta de Sonido,27,1992.26,2024-09-29
461,Microscopio Digital,31,1087.94,2025-02-03
826,Proyector 4K,9,218.86,2025-02-26
586,Proyector,44,299.52,2024-07-30
116,Impresora 3D,43,1274.91,2025-01-04
675,Control Remoto Universal,6,15.62,2025-01-22
259,Interruptor Inteligente,27,841.28,2025-02-22
643,Mochila Solar,28,126.13,2025-02-17
482,Ebook Reader,27,771.46,2024-04-03
835,Tarjeta Gráfica,50,1820.29,2025-01-14
820,Lector de Huellas,42,1753.28,2024-09-16
630,Control Remoto Universal,27,428.08,2024-05-27
515,Reproductor de Vinilo,2,1466.11,2025-02-18
593,Proyector 4K,26,1754.28,2024-09-11
356,Micrófono,28,1642.06,2025-03-28
791,Módulo GPS para Arduino,8,657.04,2024-04-30
118,Batería Externa,16,728.92,2025-02-19
838,Cerradura Inteligente,32,1993.88,2024-10-22
124,Sistema de Alarma Inteligente,50,1567.55,2025-03-22
370,Monitor Ultrawide,29,1865.04,2024-11-05
178,Termostato Inteligente,16,104.41,2025-01-28
282,Batería Recargable Portátil,43,1342.56,2024-06-15
935,Impresora 3D,5,90.49,2025-02-16
887,Guantes VR,45,1812.51,2025-03-08
254,Proyector 4K,5,853.8,2024-12-26
692,Micrófono Inalámbrico,20,1535.82,2024-12-21
862,Detector de Humo,2,940.61,2024-09-12
310,Robot Aspiradora,48,941.65,2024-07-09
710,Webcam,44,775.74,2024-05-13
513,Proyector,8,1927.82,2024-11-03
144,Cerradura Biométrica,4,1213.44,2024-08-06
908,Detector de Humo,43,1311.34,2024-05-18
621,Kit Arduino,32,363.41,2024-12-26
65,Reproductor Multimedia,50,1381.16,2024-05-16
271,Teclado Mecánico,47,776.75,2024-06-27
921,Kit Arduino,15,113.25,2024-06-22
294,Monitor de Frecuencia Cardíaca,13,1147.42,2024-08-22
808,Cinta LED RGB,15,978.94,2024-12-06
951,Micrófono Inalámbrico,31,1101.38,2024-04-04
299,Disco Duro,9,473.38,2024-05-11
456,Memoria USB,4,270.96,2025-01-04
750,Cámara para Auto Dashcam,3,1122.34,2024-06-04
292,Monitor de Frecuencia Cardíaca,5,1136.09,2024-11-06
245,Smart Ring,4,1763.65,2025-02-20
970,Báscula Inteligente,30,228.98,2024-10-28
512,Laptop,4,240.43,2025-03-31
289,Antena Satelital,17,1514.24,2024-07-25
937,Smart Mirror,47,974.69,2024-06-20
38,Tarjeta de Sonido,45,1174.45,2024-09-07
809,Micrófono,50,1126.47,2024-09-23
467,Lámpara Inteligente,32,1824.51,2024-04-05
141,Interruptor Inteligente,14,1707.91,2025-01-01
344,Impresora 3D,40,334.66,2024-06-20
143,Mini PC,4,1763.27,2024-04-15
338,Telescopio Digital,19,1313.54,2024-08-15
300,Purificador de Aire,25,1444.69,2024-12-21
72,Fuente de Poder,16,831.84,2024-08-30
266,Kit Arduino,44,1889.4,2024-09-29
220,Altavoz Inteligente,48,351.98,2024-08-26
353,Reproductor de Vinilo,43,655.68,2024-11-20
316,Monitor Portátil,18,1132.3,2025-03-02
644,Cargador Inalámbrico,17,696.44,2024-07-06
200,Control Remoto Universal,13,231.15,2025-02-15
148,Convertidor de Video HDMI,27,1149.83,2025-02-15
91,Kit Arduino,42,779.82,2024-07-19
845,Cámara 360°,35,1518.92,2024-07-29
916,Raspberry Pi,49,1336.23,2025-01-27
333,Cargador Inalámbrico,7,1342.72,2024-06-01
560,Joystick,7,386.43,2024-11-02
771,Cerradura Biométrica,45,1715.89,2024-09-04
422,Báscula Inteligente,1,466.52,2024-09-18
745,Freidora de Aire,36,1892.13,2024-04-27
774,Cámara,2,1251.37,2024-11-04
85,Robot Aspiradora,1,1214.53,2025-03-08
306,Sistema de Sonido Envolvente,6,1774.73,2024-08-06
561,Grabadora de Voz,7,510.75,2024-12-03
573,Teclado Mecánico,41,1515.48,2025-02-09
31,Cerradura Inteligente,47,190.58,2024-10-09
205,Router,50,1062.34,2025-03-28
810,Control Remoto Universal,2,1159.57,2024-06-06
649,Smart Ring,42,1121.97,2024-08-08
170,Lentes de Realidad Aumentada,31,442.19,2025-02-20
358,Monitor,42,650.67,2024-04-24
203,Router Mesh,9,822.91,2024-12-25
176,Interruptor Inteligente,43,1363.28,2024-09-25
354,Monitor,38,364.37,2024-10-02
914,Kit de Domótica,34,1158.1,2024-05-07
265,Disco Duro,37,1079.06,2025-02-16
823,Cámara de Acción 4K,14,928.73,2024-11-30
429,Termostato Inteligente,28,991.1,2025-03-21
56,Telescopio Digital,11,904.34,2024-05-27
315,Proyector 4K,30,1949.5,2025-03-01
905,Estabilizador de Voltaje,30,599.66,2025-02-27
260,Monitor Ultrawide,31,1019.71,2025-03-20
888,Detector de Humo,16,1113.11,2024-08-05
409,Control Remoto Universal,27,1176.57,2025-03-09
604,Gimbal,36,1810.45,2024-06-29
587,SSD,7,734.77,2024-10-17
555,Tarjeta de Sonido,16,1029.1,2024-08-09
389,Mini PC,23,1889.3,2024-09-17
17,Auriculares,38,902.58,2024-10-18
930,Antena Satelital,14,567.52,2025-02-19
433,Hub USB-C,33,870.04,2024-09-14
45,Cámara,35,549.95,2024-04-22
658,SSD,42,1657.46,2025-03-02
798,Auriculares,37,540.45,2025-03-10
496,Kit Arduino,16,408.08,2024-05-13
473,Fuente de Poder,22,289.82,2025-01-30
199,Batería Externa,8,825.23,2025-01-29
495,Grabadora de Voz,48,1583.32,2024-05-14
448,Guantes VR,3,1620.27,2025-02-07
15,Hub USB-C,16,350.54,2025-01-31
505,Caja de Herramientas Electrónicas,30,716.02,2024-12-22
90,Laptop,18,85.99,2025-01-31
611,Cámara,15,402.36,2024-08-15
337,Cerradura Biométrica,38,1503.35,2025-02-16
109,Cinta LED RGB,39,67.5,2024-06-22
805,Smart Ring,39,606.03,2024-08-26
335,Smartwatch,44,662.39,2024-06-18
693,Cerradura Biométrica,34,66.38,2024-06-30
261,Monitor Portátil,41,1469.07,2025-03-19
831,Cámara de Acción 4K,31,216.43,2024-05-03
142,Cámara para Auto Dashcam,4,1429.7,2024-05-25
764,Smartphone,7,899.6,2024-06-04
941,Kit Arduino,24,1324.46,2024-08-29
893,Cargador Portátil,40,1652.12,2024-06-15
23,Cámara para Auto Dashcam,17,632.78,2025-01-01
267,Módulo GPS para Arduino,11,295.84,2024-05-01
160,Altavoz Inteligente,13,421.08,2024-11-15
545,Laptop,49,1293.97,2024-05-01
388,Cargador Inalámbrico,43,1176.58,2024-10-12
224,Robot Aspiradora,34,1292.97,2025-03-06
777,Laptop,1,652.48,2024-05-18
779,Raspberry Pi,16,1371.56,2024-12-15
556,Termostato Inteligente,2,1498.15,2025-02-28
816,Cinta LED RGB,28,201.29,2024-12-03
676,Monitor,34,1638.3,2024-08-30
780,Microscopio Digital,2,1786.29,2024-12-22
933,Joystick,5,543.89,2024-07-10
76,Termómetro Inteligente,25,160.7,2024-08-03
706,Telescopio Digital,43,1940.32,2024-10-30
988,Smartphone,9,1246.87,2024-04-17
311,Mouse,41,1612.92,2024-12-04
584,Cámara para Auto Dashcam,44,1882.29,2025-03-27
37,Impresora,45,786.55,2024-06-16
570,Memoria USB,4,146.3,2024-10-16
490,Disco Externo SSD,40,849.04,2024-10-12
393,Cámara de Seguridad,2,1499.08,2024-04-02
965,Grabadora de Voz,14,1367.73,2025-03-29
385,Cámara para Streaming,24,926.07,2024-11-04
721,Termómetro Inteligente,42,174.67,2024-09-20
794,Altavoces,11,1807.22,2025-02-10
953,Panel Solar,44,618.43,2024-08-21
663,Tarjeta de Sonido,28,1305.83,2025-02-14
9,Reproductor de Vinilo,32,318.15,2024-05-07
648,Cargador Portátil,39,1778.21,2024-08-16
891,Guantes VR,8,1450.03,2024-06-03
334,Kit Arduino,30,1847.48,2025-03-20
454,Smart TV,23,64.7,2025-02-08
857,Estabilizador de Voltaje,24,1216.04,2025-01-06
209,Auriculares,2,1622.56,2024-05-28
860,Cámara de Seguridad,21,771.02,2024-10-20
917,Impresora 3D,4,1185.91,2025-03-06
89,Cinta LED RGB,21,1661.27,2024-12-01
765,Estabilizador de Voltaje,16,1606.49,2025-03-31
707,Disco Externo SSD,4,1531.92,2024-08-28
634,Interruptor Inteligente,38,557.53,2024-05-16
599,Silla Gamer,32,933.28,2024-12-06
390,Cámara para Streaming,50,1602.98,2024-04-03
28,Cámara 360°,18,292.08,2025-01-03
631,Cafetera Inteligente,45,638.57,2025-02-28
391,Cámara,26,787.41,2025-01-28
525,Placa de Desarrollo ESP32,36,1296.03,2025-02-15
151,Consola de Videojuegos,46,1938.3,2024-12-24
564,Raspberry Pi,40,1477.27,2024-11-08
583,Cámara para Auto Dashcam,17,1546.71,2024-07-12
504,Antena Satelital,3,1401.46,2024-12-28
406,Caja de Herramientas Electrónicas,36,1076.37,2024-11-30
885,Ebook Reader,22,1128.92,2024-09-06
201,Teclado,13,1584.81,2024-11-19
161,Antena Satelital,44,1091.08,2024-06-28
229,Silla Gamer,34,387.72,2025-03-07
131,Placa Madre,46,1388.59,2025-02-26
441,Smart Ring,32,95.5,2024-12-30
71,Kit Arduino,2,908.37,2025-02-16
262,Microscopio Digital,36,265.52,2024-06-06
342,Hub USB-C,13,935.86,2025-02-10
367,Silla Gamer,1,953.68,2024-12-30
426,Silla Gamer,37,1610.73,2025-02-14
851,Disco Duro,46,155.85,2024-09-08
491,Telescopio Digital,19,464.1,2024-04-20
588,Tarjeta de Sonido,7,1718.58,2024-11-25
162,Kit de Energía Eólica,8,1678.33,2024-05-13
998,Smartwatch,3,17.63,2024-05-08
629,Gimbal,21,1386.79,2024-05-27
465,Procesador,11,998.24,2024-09-11
19,Robot Aspiradora,2,1685.78,2024-08-26
846,Cámara de Seguridad,1,1488.28,2024-12-23
420,Fuente de Poder,48,490.23,2024-11-15
417,Teclado Mecánico,40,822.75,2024-08-18
392,Placa Madre,50,930.1,2024-09-28
924,Sistema de Sonido Envolvente,22,1205.7,2024-11-24
329,Teclado,27,1022.93,2025-02-20
430,Altavoces,25,1915.5,2024-10-31
179,Guantes VR,37,1677.94,2024-07-07
184,Impresora,19,107.26,2024-09-07
62,Sensor de Movimiento,25,1642.82,2024-10-08
22,Power Bank Solar,27,396.57,2025-03-13
453,Hub USB-C,17,1934.12,2024-05-09
218,Proyector,4,1895.02,2024-08-01
437,Memoria RAM,29,1688.93,2024-04-16
877,Smart TV,23,27.47,2024-11-04
273,Estabilizador de Voltaje,19,1014.46,2025-01-30
943,Grabadora de Voz,8,1213.29,2024-09-22
192,Lámpara Inteligente,7,417.48,2025-02-22
590,Sistema de Sonido Envolvente,37,441.62,2024-09-29
32,Webcam,2,619.89,2024-09-03
646,Antena Satelital,45,1365.8,2024-08-08
993,Termostato Inteligente,1,1573.41,2024-11-26
899,Hub USB-C,1,1853.58,2025-02-09
20,Termómetro Inteligente,12,1884.33,2024-09-13
471,Cámara para Streaming,20,477.35,2024-10-02
664,Sistema de Alarma Inteligente,25,990.96,2024-12-18
963,Batería Recargable Portátil,44,1795.33,2025-03-27
841,Power Bank Solar,35,1945.57,2025-02-27
594,Gimbal,16,659.58,2025-02-23
811,Reproductor Multimedia,32,1700.79,2024-05-15
150,Microscopio Digital,27,1126.4,2025-02-02
351,Drone,42,1701.66,2025-03-09
394,Memoria USB,7,481.25,2025-02-18
684,Proyector 4K,27,849.44,2024-05-06
825,Luz de Emergencia Recargable,44,1394.62,2024-05-05
815,Estabilizador de Voltaje,50,445.8,2024-10-08
103,Batería Externa,11,1238.35,2024-10-06
57,Smart Mirror,18,1515.81,2025-02-07
786,Joystick,47,1143.31,2024-06-27
902,Timbre Inteligente,11,1664.34,2024-09-22
210,Cámara de Seguridad,33,1213.39,2024-04-04
754,Sistema de Sonido Envolvente,38,77.99,2024-06-15
829,Monitor,22,341.25,2024-07-12
563,Grabadora de Voz,16,1622.26,2024-08-15
48,Cámara,30,1654.85,2024-07-30
107,Ebook Reader,19,1914.64,2024-05-27
318,Kit de Domótica,24,660.04,2024-09-29
728,Memoria RAM,49,1660.75,2024-04-18
574,Monitor Ultrawide,13,1114.63,2025-02-14
368,Reproductor Multimedia,4,1361.59,2024-10-30
2,Báscula Inteligente,43,1809.71,2024-05-07
613,Impresora 3D,4,1696.19,2025-03-20
622,Mini PC,44,805.67,2024-10-20
783,Smartphone,3,433.14,2024-06-21
923,Cargador Portátil,18,1004.12,2024-05-12
962,Procesador,26,502.02,2024-12-13
407,Lámpara Inteligente,48,554.88,2024-08-17
173,Micrófono,39,1766.25,2024-04-19
400,Consola de Videojuegos,30,1211.82,2024-06-12
423,Kit Arduino,39,854.47,2024-04-18
562,Cámara para Streaming,15,1123.31,2024-06-08
876,Robot Aspiradora,23,1776.97,2024-07-28
761,Smart Ring,41,29.34,2024-12-15
601,Laptop,43,745.21,2024-08-03
195,Smartphone,14,1644.32,2024-06-21
727,Teclado Mecánico,16,1588.32,2024-05-21
967,Tarjeta Gráfica,25,162.7,2024-11-15
55,Monitor,31,368.43,2024-12-08
270,Smart Mirror,9,52.87,2024-09-04
197,Mini PC,22,1972.88,2024-12-20
956,Cámara de Acción 4K,42,1998.63,2024-04-22
833,Cargador Inalámbrico,11,1827.03,2024-05-08
814,SSD,29,1959.91,2024-11-27
865,Tablet,43,708.07,2024-05-26
475,Cámara para Streaming,41,986.39,2024-07-07
386,Monitor Ultrawide,19,1930.61,2025-01-14
139,Memoria USB,11,1267.96,2024-05-08
628,Monitor de Frecuencia Cardíaca,4,193.26,2024-10-23
240,Batería Recargable Portátil,21,1354.29,2024-07-26
324,Memoria RAM,30,528.96,2024-12-27
912,Monitor Ultrawide,10,545.71,2024-05-01
821,Repetidor WiFi,32,224.35,2024-11-12
789,Control Remoto Universal,27,1706.57,2024-06-19
452,Batería Externa,37,38.46,2024-11-26
806,Monitor Portátil,3,1389.92,2024-10-06
293,Power Bank Solar,4,187.49,2024-06-24
444,Termostato Inteligente,40,1884.22,2024-11-24
625,Drone,1,385.42,2025-02-09
579,Cerradura Inteligente,27,994.88,2024-08-06
532,Teclado Mecánico,26,1182.08,2025-01-10
848,Guantes VR,47,896.25,2025-03-02
159,Cargador Portátil,40,1083.68,2024-12-26
822,SSD,12,605.45,2025-02-08
419,Laptop,34,149.43,2025-01-25
949,Cargador Inalámbrico,28,580.31,2025-03-14
705,Lector de Huellas,40,1399.88,2025-01-29
126,Teclado,10,191.34,2025-03-18
597,Repetidor WiFi,31,833.47,2024-06-23
212,Smart Mirror,25,1213.64,2024-06-20
748,Webcam,18,253.34,2024-08-27
187,Smartphone,6,764.45,2024-11-07
609,Luz de Emergencia Recargable,46,692.36,2024-10-05
357,Convertidor de Video HDMI,41,523.33,2024-11-24
927,Termómetro Inteligente,42,781.0,2024-07-12
239,Silla Gamer,7,1780.95,2024-09-30
364,Placa de Desarrollo ESP32,15,661.09,2024-04-11
733,Cafetera Inteligente,10,221.54,2024-08-31
855,Monitor Portátil,49,1002.98,2024-10-08
793,Power Bank Solar,31,1455.13,2024-11-01
712,Cámara para Auto Dashcam,45,1907.44,2024-06-01
870,Fuente de Poder,49,1815.32,2024-05-06
703,Smart TV,27,1131.53,2024-04-13
75,Tarjeta Gráfica,39,1182.54,2024-11-08
50,Detector de Humo,45,756.82,2024-04-24
297,Mini PC,38,615.1,2024-05-04
669,Caja de Herramientas Electrónicas,6,492.59,2024-12-10
536,Proyector,2,44.57,2024-08-08
169,Silla Gamer,26,1328.88,2024-09-18
77,Tarjeta de Sonido,7,955.32,2025-02-10
80,Power Bank Solar,10,362.45,2024-05-06
219,Tablet,43,1242.06,2024-04-21
778,Gimbal,45,1949.21,2025-01-18
874,Repetidor WiFi,20,1784.58,2024-07-10
418,Báscula Inteligente,22,595.17,2024-05-28
341,Robot Aspiradora,16,1662.6,2025-01-16
931,Smart Mirror,19,773.54,2024-06-24
154,Monitor,10,815.64,2024-08-07
666,Interruptor Inteligente,38,462.94,2024-10-17
424,Micrófono Inalámbrico,5,1193.66,2024-11-15
602,Smart Ring,46,798.02,2024-08-11
872,Auriculares,13,837.27,2024-12-21
346,Cargador Inalámbrico,21,846.14,2025-03-05
436,Power Bank Solar,44,701.73,2025-01-01
404,Sistema de Sonido Envolvente,12,726.57,2025-02-22
792,Reproductor Multimedia,26,1849.06,2024-08-28
345,Cámara para Streaming,19,1140.24,2024-11-03
425,Teclado,22,1504.4,2025-03-20
909,Purificador de Aire,42,1938.49,2024-11-09
670,Cargador Solar Portátil,30,844.4,2024-12-19
919,Tablet,14,1286.03,2024-06-16
849,Cargador Inalámbrico,3,1916.92,2024-07-13
257,Panel Solar,44,1653.57,2024-08-06
635,Timbre Inteligente,27,461.09,2024-08-08
834,Micrófono Inalámbrico,28,1428.84,2024-10-13
592,Disco Externo SSD,2,407.0,2024-12-24
713,Controlador VR,30,1937.45,2024-10-23
946,Mini PC,16,1599.12,2024-12-18
749,SSD,7,1262.85,2024-06-21
677,Laptop,17,1502.61,2024-08-14
182,Cámara para Auto Dashcam,22,1902.9,2024-07-26
636,Purificador de Aire,11,803.51,2024-12-11
606,Luz de Emergencia Recargable,16,901.5,2024-12-23
499,Consola de Videojuegos,30,1160.23,2025-01-29
331,Kit Arduino,49,277.61,2025-04-02
864,Cafetera Inteligente,35,324.53,2024-11-17
559,Cámara de Acción 4K,47,1129.38,2024-11-02
796,Luz de Emergencia Recargable,37,1383.04,2024-08-23
307,Mouse,40,824.95,2024-10-06
589,Joystick,37,496.34,2024-09-14
223,Controlador VR,29,561.14,2024-07-13
256,Termostato Inteligente,42,181.56,2024-07-26
603,Mochila Solar,14,1777.91,2024-07-31
355,Termostato Inteligente,9,1338.97,2024-09-23
600,Webcam,15,1126.58,2024-11-03
104,Proyector 4K,41,1492.58,2024-08-22
716,Monitor de Frecuencia Cardíaca,3,369.35,2024-11-01
501,Router Mesh,48,386.54,2025-03-06
308,Monitor,25,12.2,2024-10-09
847,Sensor de Movimiento,8,1966.61,2024-05-05
987,Smartwatch,23,695.51,2024-12-10
973,Luz de Emergencia Recargable,35,600.14,2024-06-22
321,Caja de Herramientas Electrónicas,18,1725.75,2024-06-09
607,Laptop,42,658.21,2024-11-16
531,Router Mesh,41,1534.08,2024-12-29
632,Cámara de Seguridad,22,95.57,2024-08-02
618,Reproductor de Vinilo,44,1372.04,2025-03-13
807,Disco Externo SSD,6,724.56,2024-08-20
895,Smartphone,35,1221.01,2025-02-24
661,Luz de Emergencia Recargable,28,1179.95,2024-09-27
521,Lámpara Inteligente,17,1023.83,2024-08-22
489,Mouse,6,1676.68,2024-04-19
232,Batería Recargable Portátil,21,14.59,2024-04-29
681,Laptop,1,813.52,2024-07-30
566,Robot Aspiradora,3,1651.12,2024-12-15
828,Sistema de Sonido Envolvente,30,139.22,2025-04-02
869,Cinta LED RGB,31,1429.18,2024-09-03
26,Altavoces,24,270.58,2024-12-13
114,Webcam,33,140.39,2024-11-23
226,Batería Externa,37,1336.8,2024-08-18
181,Cámara para Auto Dashcam,6,835.04,2024-09-03
837,Micrófono Inalámbrico,7,555.84,2024-04-12
123,Laptop,48,1837.46,2024-09-19
472,Grabadora de Voz,31,1037.73,2024-07-15
934,Monitor,44,611.64,2024-06-13
619,Placa Madre,17,516.68,2024-09-06
398,Altavoces,9,1109.46,2025-02-08
215,Lector de Huellas,37,1762.58,2024-10-09
211,Memoria USB,9,764.91,2024-09-03
767,Mini Impresora Térmica,41,557.63,2024-12-14
446,Ebook Reader,3,185.99,2024-09-30
626,Monitor de Frecuencia Cardíaca,6,1466.03,2024-11-06
537,Timbre Inteligente,16,60.88,2024-10-02
737,Báscula Inteligente,35,1367.91,2024-08-07
659,Telescopio Digital,18,1000.81,2025-03-03
129,Tarjeta de Sonido,23,131.2,2024-05-24
753,Antena Satelital,33,200.38,2024-07-03
97,Silla Gamer,2,923.42,2024-08-05
125,Cinta LED RGB,20,828.7,2024-12-26
819,Mini PC,31,1217.58,2024-12-30
135,Cámara para Auto Dashcam,33,196.21,2024-05-23
298,Convertidor de Video HDMI,1,1248.97,2024-12-16
25,Cargador Portátil,36,1786.42,2025-03-23
836,Freidora de Aire,25,656.01,2025-02-02
174,Raspberry Pi,50,693.49,2025-03-05
981,Monitor Ultrawide,18,1382.06,2024-11-28
4,Power Bank Solar,11,1078.98,2024-12-04
994,Proyector,3,1698.2,2025-01-27
689,Kit de Energía Eólica,10,22.25,2024-06-19
248,Batería Externa,30,1582.05,2025-03-08
309,Grabadora de Voz,3,644.89,2024-04-03
880,Proyector,23,1681.44,2024-10-05
279,Micrófono Inalámbrico,7,1681.84,2025-01-20
134,Cinta LED RGB,9,1910.01,2025-01-04
582,Silla Gamer,23,1941.85,2025-02-19
11,Altavoz Inteligente,43,99.6,2024-06-17
719,Auriculares,5,241.92,2024-04-14
272,Drone,47,20.03,2024-11-25
802,Tarjeta de Sonido,44,982.96,2024-06-22
361,Consola de Videojuegos,18,475.6,2025-03-12
498,Altavoces,26,1273.44,2024-06-25
697,Convertidor de Video HDMI,40,549.32,2024-05-30
539,Cámara para Streaming,15,1491.19,2024-07-17
157,Purificador de Aire,38,1303.44,2024-10-06
234,Tarjeta Gráfica,14,1920.13,2025-03-24
859,Procesador,7,882.64,2025-03-21
27,Teclado,48,364.96,2024-08-26
60,Telescopio Digital,9,1803.88,2024-04-07
16,Mochila Solar,45,621.76,2025-01-04
948,Placa Madre,20,733.35,2024-08-24
302,Raspberry Pi,13,303.52,2024-09-05
119,Freidora de Aire,12,698.34,2024-06-07
691,Cinta LED RGB,34,1356.65,2024-10-16
867,Kit de Energía Eólica,34,594.29,2024-11-19
83,Smart TV,2,827.96,2024-10-02
595,Lentes de Realidad Aumentada,46,631.39,2025-02-09
843,Lector de Huellas,20,1149.49,2024-04-18
395,Purificador de Aire,31,463.97,2024-11-08
947,Purificador de Aire,45,787.09,2024-10-26
991,Báscula Inteligente,7,1988.83,2025-03-12
827,Cargador Inalámbrico,37,35.74,2024-04-22
522,Fuente de Poder,44,1248.51,2025-03-23
744,Ebook Reader,34,903.82,2024-09-20
434,Memoria USB,28,1484.65,2024-10-04
961,Drone,49,615.72,2025-02-17
14,Joystick,50,1485.31,2024-05-18
339,Mochila Solar,11,1456.68,2024-06-28
485,Cargador Portátil,17,811.58,2024-11-30
982,Guantes VR,36,1631.83,2025-03-17
415,Antena Satelital,36,259.19,2024-10-17
903,Monitor de Frecuencia Cardíaca,22,112.36,2025-02-22
502,Disco Duro,2,1362.68,2024-06-15
198,Batería Externa,10,722.28,2025-03-01
237,Raspberry Pi,15,1674.71,2024-09-11
492,Smartphone,30,476.64,2024-05-06
295,Reproductor Multimedia,1,1646.0,2025-01-08
685,Luz de Emergencia Recargable,47,1590.67,2024-06-30
656,Memoria RAM,33,1485.89,2025-03-21
580,Cámara de Seguridad,16,711.86,2024-05-01
734,Proyector 4K,19,1825.35,2025-02-09
243,Smartphone,34,998.43,2024-09-02
641,Disco Duro,27,1394.92,2024-11-28
373,Lámpara Inteligente,34,1477.89,2024-05-06
720,Timbre Inteligente,15,691.05,2025-01-30
487,Smart Mirror,14,1084.58,2024-11-03
74,Disco Duro,49,32.84,2024-09-14
650,Cargador Solar Portátil,49,130.08,2024-08-06
533,Guantes VR,38,992.97,2025-01-21
455,Cámara de Seguridad,33,43.1,2024-09-12
128,Monitor,37,1645.32,2024-11-12
910,Tarjeta de Sonido,41,1251.96,2024-04-23
469,Placa de Desarrollo ESP32,13,725.11,2024-12-31
966,Kit Arduino,40,1112.51,2024-08-11
747,Altavoces,17,1811.15,2025-03-18
740,Detector de Humo,35,1484.59,2025-03-20
387,Monitor Ultrawide,5,1530.96,2025-03-15
53,Cargador Solar Portátil,49,958.32,2024-04-21
147,Placa Madre,12,1015.39,2024-05-30
41,Drone,49,389.18,2024-05-24
772,Control Remoto Universal,28,490.35,2024-10-02
303,Panel Solar,36,1431.17,2024-07-18
896,Drone,47,1290.14,2024-07-11
34,Power Bank Solar,15,481.11,2024-04-07
167,Mouse,16,1882.49,2025-04-02
790,Lámpara Inteligente,12,1200.31,2024-05-25
427,Báscula Inteligente,44,513.97,2025-03-02
624,Placa de Desarrollo ESP32,32,29.11,2025-03-11
844,Memoria USB,19,881.61,2025-01-29
399,Procesador,22,1865.63,2024-05-23
517,Micrófono,38,32.38,2024-11-28
660,Altavoces,46,583.38,2024-06-28
617,Kit Arduino,34,1208.25,2024-08-17
383,Silla Gamer,31,1067.23,2024-07-19
760,Joystick,32,1751.95,2024-07-05
247,Telescopio Digital,14,1173.25,2024-05-31
278,Interruptor Inteligente,48,1391.13,2024-05-10
183,Altavoces,14,843.34,2025-03-01
665,Cerradura Inteligente,6,1891.26,2024-10-31
110,Impresora,49,883.63,2024-06-30
530,Gimbal,16,1144.51,2024-12-19
450,Smart TV,35,517.69,2024-10-07
325,Termómetro Inteligente,31,1876.38,2024-10-27
479,Estabilizador de Voltaje,2,378.08,2024-08-31
972,Mini Impresora Térmica,43,797.31,2025-03-10
59,Smartphone,49,1161.27,2024-10-12
397,Smartwatch,22,1770.66,2024-09-06
614,Mouse,28,1377.99,2024-07-30
785,Raspberry Pi,50,417.58,2025-01-18
971,Auriculares,16,991.18,2025-03-18
746,Proyector 4K,10,1534.97,2024-08-04
688,Cerradura Biométrica,24,1669.31,2025-03-14
217,Telescopio Digital,33,981.89,2024-04-11
535,Proyector,40,370.36,2024-06-19
42,Kit de Domótica,24,253.12,2024-08-11
763,Teclado Mecánico,47,1516.99,2025-03-07
680,Lámpara Inteligente,50,784.46,2024-06-05
730,Cerradura Inteligente,15,1653.64,2024-11-22
711,Procesador,26,676.44,2024-05-21
35,Sistema de Alarma Inteligente,26,1587.62,2024-05-25
249,Consola de Videojuegos,49,1977.07,2024-04-04
186,Monitor Ultrawide,19,1497.36,2024-11-24
10,Disco Externo SSD,32,1491.2,2024-07-02
326,Teclado,1,327.41,2024-11-01
484,Smartphone,20,637.63,2024-08-27
507,Monitor Portátil,16,1198.97,2024-12-26
960,Placa Madre,7,155.07,2024-10-09
881,Timbre Inteligente,31,940.81,2025-02-25
897,Drone,43,472.62,2025-01-06
371,Cámara 360°,35,474.21,2025-02-18
768,Mini PC,38,1650.81,2025-02-20
552,Lentes de Realidad Aumentada,28,1897.34,2024-05-25
975,Memoria USB,13,970.89,2024-07-29
547,Placa Madre,30,1036.92,2024-08-08
686,Reproductor de Vinilo,22,1986.82,2024-12-22
800,Cafetera Inteligente,15,510.27,2024-06-16
439,Monitor de Frecuencia Cardíaca,27,743.11,2024-09-23
488,Silla Gamer,30,874.74,2024-08-09
541,Altavoces,12,1131.95,2025-01-10
39,Grabadora de Voz,44,92.73,2024-12-03
977,Cinta LED RGB,38,604.05,2024-11-28
349,Cinta LED RGB,26,447.81,2024-10-06
414,Laptop,13,811.33,2025-01-07
44,Interruptor Inteligente,37,1534.26,2025-01-11
156,Estabilizador de Voltaje,42,504.47,2024-04-29
871,Impresora 3D,42,717.03,2024-12-22
548,Antena Satelital,13,1913.77,2024-12-20
66,Teclado Mecánico,32,967.63,2024-11-11
382,Smart Mirror,32,596.48,2024-08-03
250,Controlador VR,31,654.03,2025-03-12
136,Repetidor WiFi,44,1677.15,2024-05-21
264,Báscula Inteligente,41,1533.81,2024-09-10
408,Hub USB-C,17,1884.99,2025-01-11
551,Monitor Portátil,44,297.9,2024-10-06
440,Cámara para Streaming,33,1247.35,2024-12-29
88,Teclado Mecánico,29,47.25,2024-09-01
678,Convertidor de Video HDMI,38,1493.91,2024-10-27
101,Monitor,15,1412.52,2024-04-27
8,Cafetera Inteligente,31,1751.2,2024-06-04
957,Hub USB-C,25,266.77,2024-08-29
164,SSD,26,1775.3,2025-02-06
645,Termómetro Inteligente,28,719.21,2024-12-13
701,Smartwatch,11,591.34,2025-02-12
438,Lector de Huellas,9,1731.45,2024-04-07
105,Mochila Solar,46,1049.72,2024-10-10
787,Cafetera Inteligente,3,679.18,2024-06-12
5,Placa Madre,40,333.33,2024-05-23
95,Fuente de Poder,36,352.42,2024-11-11
637,Cámara para Streaming,49,1412.12,2024-09-15
818,Micrófono Inalámbrico,31,1900.67,2024-11-21
757,Lentes de Realidad Aumentada,10,1030.63,2024-07-03
500,Antena Satelital,37,55.95,2024-06-25
365,Micrófono Inalámbrico,8,831.51,2024-11-27
974,Cámara,2,771.49,2024-08-15
557,Controlador VR,4,1934.8,2024-12-28
287,Router,16,801.08,2024-04-02
920,Impresora,50,1695.51,2024-08-08
92,Lentes de Realidad Aumentada,37,55.26,2024-11-15
290,Cámara de Seguridad,33,1282.71,2024-12-28
732,Mochila Solar,14,1566.54,2024-10-10
79,Kit de Domótica,4,1566.36,2024-11-20
900,Reproductor Multimedia,5,558.9,2024-06-19
830,Cargador Portátil,49,201.72,2024-04-22
581,Lámpara Inteligente,43,329.61,2025-01-06
343,Auriculares,32,1081.81,2025-01-04
694,Cámara 360°,12,795.29,2024-07-25
403,Drone,2,1890.45,2024-10-24
788,Cargador Portátil,44,1963.44,2025-02-10
222,Cargador Inalámbrico,1,546.64,2024-06-09
255,Báscula Inteligente,50,791.96,2024-04-07
431,Lámpara Inteligente,39,17.93,2025-01-31
950,Cámara para Streaming,1,351.68,2025-01-17
6,Monitor de Frecuencia Cardíaca,12,523.11,2024-08-09
906,Reproductor Multimedia,20,1315.66,2025-03-05
149,Laptop,22,671.57,2025-02-27
510,Grabadora de Voz,25,1377.62,2024-12-29
647,Tarjeta Gráfica,23,1557.96,2025-01-03
723,Smart TV,5,895.12,2024-10-06
253,Cargador Portátil,32,1165.77,2024-04-05
704,Módulo GPS para Arduino,29,1550.53,2025-01-24
952,Proyector 4K,4,458.69,2024-08-11
976,Drone,37,494.14,2024-09-08
853,Microscopio Digital,8,1474.3,2024-12-17
380,Altavoces,38,1816.9,2024-10-23
569,Fuente de Poder,11,926.29,2024-09-20
585,Altavoces,50,1235.17,2024-05-25
751,Control Remoto Universal,48,1311.84,2024-06-18
29,Smartwatch,22,1849.75,2025-03-22
979,Termómetro Inteligente,31,1017.35,2024-06-20
476,Purificador de Aire,42,1876.66,2024-11-23
918,Caja de Herramientas Electrónicas,36,916.09,2024-11-28
995,Convertidor de Video HDMI,22,101.07,2024-04-30
803,Estabilizador de Voltaje,12,1590.49,2025-01-04
996,Convertidor de Video HDMI,9,1782.93,2024-09-23
879,Laptop,14,541.92,2024-09-16
314,Lentes de Realidad Aumentada,45,1622.18,2024-04-16
120,Kit de Energía Eólica,6,339.59,2024-04-10
378,Cinta LED RGB,23,1247.81,2024-06-25
416,Hub USB-C,13,1318.1,2024-07-18
428,Cámara de Seguridad,9,1119.58,2024-07-13
739,Mouse,45,500.33,2024-11-27
117,Micrófono,1,1887.63,2024-06-13
695,Cámara de Acción 4K,4,211.26,2024-09-27
127,Robot Aspiradora,12,1653.81,2024-12-28
509,Cerradura Inteligente,5,305.42,2024-05-13
997,Sistema de Sonido Envolvente,26,1407.56,2024-08-27
709,Joystick,12,70.57,2025-01-23
605,Batería Externa,37,1409.82,2024-07-06
288,Memoria USB,18,317.05,2024-07-13
111,Caja de Herramientas Electrónicas,32,1363.87,2025-03-16
608,Silla Gamer,47,1423.42,2024-09-03
322,Purificador de Aire,35,1303.32,2025-03-20
651,Mouse,21,580.41,2024-06-23
735,Cafetera Inteligente,1,683.47,2024-06-13
70,Monitor Ultrawide,10,1051.17,2024-11-24
263,Mini PC,6,1908.48,2024-07-15
964,Webcam,22,1030.95,2024-09-12
412,Reproductor de Vinilo,36,152.78,2024-04-19
207,Impresora,33,593.83,2024-06-27
52,Guantes VR,31,750.31,2024-06-11
236,Kit de Domótica,43,876.07,2024-09-21
320,Router Mesh,48,176.04,2024-10-13
468,Sistema de Alarma Inteligente,20,1166.5,2024-11-15
503,Webcam,1,1800.1,2024-05-12
251,Batería Recargable Portátil,41,1872.25,2024-06-25
653,Lector de Huellas,20,1763.35,2024-12-28
992,Raspberry Pi,34,1257.34,2024-11-22
369,Robot Aspiradora,15,753.89,2024-06-11
824,Lector de Huellas,39,408.54,2025-01-04
336,Disco Externo SSD,1,301.17,2024-09-05
983,Cerradura Biométrica,6,1912.39,2024-04-16
175,Mini PC,20,1457.59,2024-07-06
301,Cinta LED RGB,35,238.74,2024-07-24
464,Cargador Solar Portátil,29,838.36,2025-02-01
615,Consola de Videojuegos,37,710.79,2024-11-08
717,Monitor de Frecuencia Cardíaca,13,1512.88,2024-07-26
242,SSD,43,1699.35,2025-02-10
850,Consola de Videojuegos,9,1189.96,2024-09-30
633,Raspberry Pi,8,71.73,2024-05-22
832,Ebook Reader,12,1443.38,2024-10-25
627,Termostato Inteligente,12,523.3,2024-05-01
873,Purificador de Aire,50,735.36,2025-03-11
377,Cámara para Streaming,2,1788.57,2024-06-05
497,Interruptor Inteligente,34,979.4,2024-10-19
668,Kit de Domótica,43,360.33,2024-11-04
194,Proyector,48,1482.97,2025-02-11
140,Procesador,9,1203.28,2024-08-29
46,Mini PC,37,1706.62,2025-01-22
852,Drone,37,384.17,2024-10-03
640,Kit de Energía Eólica,25,1553.67,2024-10-04
968,Cámara,27,1191.22,2025-03-13
524,Placa de Desarrollo ESP32,47,86.14,2024-05-17
328,Grabadora de Voz,45,563.79,2024-10-24
78,Gimbal,21,1321.4,2024-09-24
47,Timbre Inteligente,38,1987.05,2025-01-25
655,Disco Duro,22,171.16,2024-04-26
474,Cerradura Inteligente,9,1254.9,2024-04-18
36,Fuente de Poder,3,1687.79,2024-04-10
550,Smartwatch,10,868.64,2024-11-12
168,Sistema de Alarma Inteligente,6,355.31,2025-02-07
494,Laptop,12,725.53,2024-06-18
281,Kit de Domótica,34,671.18,2024-12-23
312,Detector de Humo,23,614.84,2024-05-01
985,Hub USB-C,6,1200.3,2024-09-16
544,Controlador VR,46,1341.69,2024-05-09
276,Micrófono Inalámbrico,2,1727.73,2025-02-20
639,Termómetro Inteligente,21,1147.68,2024-11-14
799,Sensor de Movimiento,44,1888.65,2024-07-18
459,Micrófono Inalámbrico,24,608.69,2024-11-11
284,Impresora 3D,17,1866.67,2025-01-15
863,Guantes VR,10,510.23,2024-12-29
939,Robot Aspiradora,40,15.13,2024-08-16
43,Lentes de Realidad Aumentada,25,1674.22,2024-07-18
359,Lector de Huellas,10,687.8,2024-04-18
180,Monitor,19,67.87,2024-05-03
332,Teclado,43,272.36,2024-07-15
578,Luz de Emergencia Recargable,11,1089.43,2025-01-02
447,Placa Madre,5,476.61,2024-05-15
225,Cafetera Inteligente,23,295.11,2024-10-29
511,Cafetera Inteligente,29,57.24,2024-08-15
235,Termómetro Inteligente,20,1057.45,2025-02-12
145,Cargador Portátil,10,615.9,2024-09-19
246,Reproductor Multimedia,15,1463.38,2024-05-30
527,Cámara para Streaming,7,947.56,2024-08-10
462,Proyector,41,394.47,2024-08-09
7,Estabilizador de Voltaje,28,1235.75,2024-06-03
616,Router Mesh,17,156.91,2024-09-23
813,Repetidor WiFi,25,1642.77,2024-08-07
402,Cargador Solar Portátil,40,494.54,2024-04-11
366,Cargador Portátil,29,347.25,2024-07-01
304,Cámara 360°,37,1781.62,2024-05-11
275,Consola de Videojuegos,21,865.4,2024-10-08
280,Monitor Portátil,9,20.95,2024-04-17
817,Webcam,38,111.11,2024-10-28
568,Cinta LED RGB,35,320.37,2024-09-16
797,Controlador VR,23,790.74,2024-08-03
40,Mini Impresora Térmica,35,323.39,2025-03-03
51,Báscula Inteligente,25,359.4,2024-06-28
752,Luz de Emergencia Recargable,36,1123.09,2025-03-27
238,Memoria USB,43,1472.25,2024-08-28
715,Micrófono,32,1955.74,2025-02-06
770,Cámara para Streaming,7,305.92,2024-08-24
886,Panel Solar,4,1696.96,2024-10-09
743,Reproductor Multimedia,19,43.03,2024-07-08
442,Cámara para Streaming,35,1620.92,2025-01-15
571,Reproductor Multimedia,31,1402.8,2024-09-27
904,Router,16,1961.16,2024-08-02
177,Webcam,24,1056.52,2025-01-29
30,Memoria RAM,16,14.46,2024-09-01
999,Cámara,49,697.92,2024-08-21
213,Mouse,4,1184.46,2025-03-25
679,Disco Duro,33,32.97,2025-03-22
940,Termostato Inteligente,50,1275.5,2024-06-18
756,Consola de Videojuegos,1,723.82,2025-03-20
683,Cámara de Acción 4K,43,685.17,2024-04-16
478,Cerradura Biométrica,24,1555.52,2024-10-22
191,Drone,10,1657.24,2024-12-31
96,Procesador,35,1039.33,2024-04-28
486,Tablet,4,1477.68,2024-08-14
274,Altavoz Inteligente,44,959.25,2025-01-01
990,Teclado Mecánico,24,974.48,2024-05-16
526,Antena Satelital,19,1682.86,2024-07-29
725,Controlador VR,31,333.69,2024-07-24
258,Mini Impresora Térmica,33,333.16,2024-10-20
112,Mini PC,33,870.7,2024-04-29
554,Procesador,43,368.3,2024-05-27
305,Kit Arduino,9,531.21,2024-10-14
323,Panel Solar,31,735.1,2025-03-17
882,Interruptor Inteligente,25,1736.42,2024-11-21
138,Freidora de Aire,31,1336.23,2024-11-02
172,Monitor,6,1327.54,2024-06-08
12,Placa de Desarrollo ESP32,33,99.27,2024-08-15
854,Impresora,39,1720.5,2024-09-01
171,Cargador Portátil,38,258.52,2025-02-22
922,Webcam,18,1152.85,2024-09-28
986,Sistema de Sonido Envolvente,18,597.76,2024-12-28
375,Impresora 3D,32,949.65,2024-07-20
775,Smart Ring,14,977.37,2024-11-01
766,Control Remoto Universal,30,500.14,2025-02-02
483,Lámpara Inteligente,15,759.75,2024-10-08
165,Tarjeta Gráfica,37,1733.24,2024-05-18
155,Cámara para Streaming,24,1707.17,2024-06-18
449,Cámara para Streaming,16,94.02,2024-11-23
652,Monitor,10,406.27,2025-02-23
3,Estabilizador de Voltaje,7,1240.21,2024-08-11
115,Cerradura Inteligente,36,1466.52,2024-10-06
214,Guantes VR,35,1907.84,2024-06-18
687,Smartwatch,1,904.68,2024-04-04
773,Cargador Portátil,9,1777.67,2024-07-11
529,Controlador VR,27,649.05,2024-11-29
443,Lámpara Inteligente,12,1944.74,2025-01-17
657,Guantes VR,4,708.52,2024-12-17
577,Placa Madre,32,26.68,2024-10-09
781,Consola de Videojuegos,32,1202.39,2024-12-03
894,Mini Impresora Térmica,34,551.2,2024-08-16
216,Monitor de Frecuencia Cardíaca,25,1705.08,2024-11-16
929,Gimbal,3,1000.07,2025-01-08
784,Mouse,27,1828.49,2024-06-21
233,Proyector 4K,9,1215.63,2024-08-22
33,Antena Satelital,33,1443.99,2024-04-21
875,Laptop,8,42.66,2024-12-03
868,Antena Satelital,17,1942.72,2025-03-12
620,Cámara de Acción 4K,49,692.21,2024-10-12
955,Microscopio Digital,32,543.31,2024-05-28
231,Interruptor Inteligente,35,1180.18,2024-08-04
230,Cargador Inalámbrico,2,317.23,2024-08-10
384,Freidora de Aire,4,1105.5,2024-11-30
572,Cafetera Inteligente,19,573.54,2024-05-27
241,Estabilizador de Voltaje,18,805.21,2024-10-16
623,Telescopio Digital,6,1674.61,2024-08-24
682,Estabilizador de Voltaje,8,1982.39,2024-08-23
106,Estabilizador de Voltaje,43,1109.71,2024-09-01
769,Mini Impresora Térmica,15,750.95,2024-08-11
268,Kit Arduino,10,748.17,2024-08-18
722,Cámara de Acción 4K,46,1977.64,2024-07-07
21,Cerradura Inteligente,19,1809.85,2024-09-21
598,Teclado Mecánico,24,1888.54,2024-10-10
858,Gimbal,1,373.9,2024-09-17
762,Drone,44,986.79,2024-11-04
221,Detector de Humo,9,758.46,2024-04-23
898,Termostato Inteligente,6,75.59,2024-04-14
942,Lentes de Realidad Aumentada,21,203.08,2025-02-21
642,Lámpara Inteligente,7,1921.02,2024-07-15
928,Grabadora de Voz,6,648.54,2024-04-27
313,Power Bank Solar,44,759.9,2024-07-23
969,Cerradura Biométrica,23,1808.44,2024-12-08
925,Cámara para Streaming,27,1363.28,2024-08-11
538,Monitor,17,1120.15,2024-08-13
360,Cámara para Auto Dashcam,18,527.1,2024-11-10
350,Teclado Mecánico,40,102.76,2024-07-08
435,Batería Recargable Portátil,35,1563.99,2024-06-29
73,Lector de Huellas,12,1189.65,2024-04-17
493,Memoria USB,18,1178.14,2024-06-16
67,Sensor de Movimiento,34,670.36,2025-03-05
347,Teclado,39,324.38,2025-01-10
64,Cinta LED RGB,17,1488.66,2024-09-30
612,Power Bank Solar,16,655.31,2024-07-19
102,Auriculares,4,442.05,2024-08-02
330,Placa Madre,18,343.16,2025-03-04
372,Webcam,43,1526.99,2024-11-14
166,Módulo GPS para Arduino,29,1436.9,2024-07-20
348,Raspberry Pi,15,1775.23,2024-12-21
